complexity,loss,equation,score,sympy_format,lambda_format
1,220976.37912585904,1349.1140298886783,0.0,1349.1140298886783,PySRFunction(X=>1349.1140298886783)
3,201767.0713046158,x1 + 751.7002900345725,0.045470947159902436,x1 + 751.7002900345725,PySRFunction(X=>x1 + 751.7002900345725)
4,119653.94299517658,sqrt(x2) * 39.831818957976516,0.5225101514806744,39.831818957976516*sqrt(x2),PySRFunction(X=>39.831818957976516*sqrt(x2))
5,77976.62102966206,"min(1659.3825278796603, x1 + x2)",0.4281947168490526,"Piecewise((1659.3825278796603, x1 + x2 > 1659.3825278796603), (x1 + x2, True))","PySRFunction(X=>Piecewise((1659.3825278796603, x1 + x2 > 1659.3825278796603), (x1 + x2, True)))"
6,71789.89156771002,(sqrt(x2) + x0) * 33.555518555063124,0.08266537119465026,33.555518555063124*x0 + 33.555518555063124*sqrt(x2),PySRFunction(X=>33.555518555063124*x0 + 33.555518555063124*sqrt(x2))
7,54858.378406803466,"(x0 * 62.07575053964496) + min(x2, 1191.0015451870993)",0.2689887538584008,"x0*62.07575053964496 + Piecewise((x2, x2 < 1191.0015451870993), (1191.0015451870993, True))","PySRFunction(X=>x0*62.07575053964496 + Piecewise((x2, x2 < 1191.0015451870993), (1191.0015451870993, True)))"
8,48756.24413555316,"(sqrt(x0) * 203.60494520349604) + min(1120.2638536986092, x2)",0.1179216522459076,"203.60494520349604*sqrt(x0) + Piecewise((1120.2638536986092, x2 > 1120.2638536986092), (x2, True))","PySRFunction(X=>203.60494520349604*sqrt(x0) + Piecewise((1120.2638536986092, x2 > 1120.2638536986092), (x2, True)))"
9,32191.546880758648,"cube(log(x0 * x1)) + min(x2, 1106.9047435426112)",0.41512937521849463,"Piecewise((x2, x2 < 1106.9047435426112), (1106.9047435426112, True)) + log(x0*x1)**3","PySRFunction(X=>Piecewise((x2, x2 < 1106.9047435426112), (1106.9047435426112, True)) + log(x0*x1)**3)"
11,28760.945651651477,"cube(log(x0 * x1)) + max(293.49066282508835, min(x2, 1106.9048373518042))",0.056342742874108724,"Piecewise((Piecewise((x2, x2 < 1106.9048373518042), (1106.9048373518042, True)), ITE(x2 < 1106.9048373518042, x2 > 293.49066282508835, True)), (293.49066282508835, True)) + log(x0*x1)**3","PySRFunction(X=>Piecewise((Piecewise((x2, x2 < 1106.9048373518042), (1106.9048373518042, True)), ITE(x2 < 1106.9048373518042, x2 > 293.49066282508835, True)), (293.49066282508835, True)) + log(x0*x1)**3)"
12,28567.755069471084,"min(1072.3571867064704, x2) + cube(log(cube(x0) + (x0 * x1)))",0.006739776448792018,"Piecewise((1072.3571867064704, x2 > 1072.3571867064704), (x2, True)) + log(x0**3 + x0*x1)**3","PySRFunction(X=>Piecewise((1072.3571867064704, x2 > 1072.3571867064704), (x2, True)) + log(x0**3 + x0*x1)**3)"
13,25513.87232537042,"cube(log(x1 * (x0 + -0.8711694692931767))) + min(1148.1188940681895, max(x2, 344.79522049806405))",0.11305631965534167,"Piecewise((1148.1188940681895, ITE(x2 < 344.79522049806405, False, x2 > 1148.1188940681895)), (Piecewise((344.79522049806405, x2 < 344.79522049806405), (x2, True)), True)) + log(x1*(x0 - 0.8711694692931767))**3","PySRFunction(X=>Piecewise((1148.1188940681895, ITE(x2 < 344.79522049806405, False, x2 > 1148.1188940681895)), (Piecewise((344.79522049806405, x2 < 344.79522049806405), (x2, True)), True)) + log(x1*(x0 - 0.8711694692931767))**3)"
15,25309.66044981619,"cube(log(x1 * (x0 + -0.8739159746226094))) + min(x0 + max(338.6955324419689, x2), 1148.6438673397208)",0.0040180790944592095,"Piecewise((x0 + Piecewise((x2, x2 > 338.6955324419689), (338.6955324419689, True)), ITE(x2 > 338.6955324419689, x0 + x2 < 1148.6438673397208, x0 + 338.6955324419689 < 1148.6438673397208)), (1148.6438673397208, True)) + log(x1*(x0 - 0.8739159746226094))**3","PySRFunction(X=>Piecewise((x0 + Piecewise((x2, x2 > 338.6955324419689), (338.6955324419689, True)), ITE(x2 > 338.6955324419689, x0 + x2 < 1148.6438673397208, x0 + 338.6955324419689 < 1148.6438673397208)), (1148.6438673397208, True)) + log(x1*(x0 - 0.8739159746226094))**3)"
17,21315.850762567527,"cube(log(x0 * ((x1 - -200.84416224676193) * 4.106846707090311))) + min(max(x2 + -481.3089846537374, -110.83362596632314), 674.3246096813256)",0.08586759779843962,"Piecewise((Piecewise((-110.83362596632314, x2 - 481.3089846537374 < -110.83362596632314), (x2 - 481.3089846537374, True)), ITE(x2 - 481.3089846537374 < -110.83362596632314, True, x2 - 481.3089846537374 < 674.3246096813256)), (674.3246096813256, True)) + log(x0*(4.106846707090311*x1 + 824.83618636142638))**3","PySRFunction(X=>Piecewise((Piecewise((-110.83362596632314, x2 - 481.3089846537374 < -110.83362596632314), (x2 - 481.3089846537374, True)), ITE(x2 - 481.3089846537374 < -110.83362596632314, True, x2 - 481.3089846537374 < 674.3246096813256)), (674.3246096813256, True)) + log(x0*(4.106846707090311*x1 + 824.83618636142638))**3)"
19,21184.17610958359,"cube(log((x0 * 4.249673326955469) * (x1 - -205.02582045614852))) + max(-121.70218309425752, min(x2 + -493.23903557173145, 670.0951080953301 - x0))",0.0030982350834137485,"Piecewise((Piecewise((x2 - 493.23903557173145, x0 - 670.0951080953301 < 493.23903557173145 - x2), (670.0951080953301 - x0, True)), ITE(x0 - 670.0951080953301 < 493.23903557173145 - x2, x2 - 493.23903557173145 > -121.70218309425752, x0 - 670.0951080953301 < 121.70218309425752)), (-121.70218309425752, True)) + log(4.249673326955469*x0*(x1 + 205.02582045614852))**3","PySRFunction(X=>Piecewise((Piecewise((x2 - 493.23903557173145, x0 - 670.0951080953301 < 493.23903557173145 - x2), (670.0951080953301 - x0, True)), ITE(x0 - 670.0951080953301 < 493.23903557173145 - x2, x2 - 493.23903557173145 > -121.70218309425752, x0 - 670.0951080953301 < 121.70218309425752)), (-121.70218309425752, True)) + log(4.249673326955469*x0*(x1 + 205.02582045614852))**3)"
20,20705.525559890862,"cube(log((x1 - -684.4559933117611) * sqrt(x0)) - -5.2952050257808265) + (max(x0, min(786.2850520629904, x2 + -371.2798981233918)) + -1522.3480871818876)",0.022853893139209516,"(log(sqrt(x0)*(x1 + 684.4559933117611)) + 5.2952050257808265)**3 + Piecewise((Piecewise((786.2850520629904, x2 - 371.2798981233918 > 786.2850520629904), (x2 - 371.2798981233918, True)), ITE(x2 - 371.2798981233918 > 786.2850520629904, x0 < 786.2850520629904, x0 < x2 - 371.2798981233918)), (x0, True)) - 1522.3480871818876","PySRFunction(X=>(log(sqrt(x0)*(x1 + 684.4559933117611)) + 5.2952050257808265)**3 + Piecewise((Piecewise((786.2850520629904, x2 - 371.2798981233918 > 786.2850520629904), (x2 - 371.2798981233918, True)), ITE(x2 - 371.2798981233918 > 786.2850520629904, x0 < 786.2850520629904, x0 < x2 - 371.2798981233918)), (x0, True)) - 1522.3480871818876)"
21,19952.741872506496,"min(688.7026672678173, max((x2 - (x1 * -0.2268109195848288)) + -612.278830468131, -114.91350320990898)) + cube(log(((x1 - -320.79972114997344) * 3.40512126655055) * x0))",0.03703402880025981,"Piecewise((688.7026672678173, ITE(0.2268109195848288*x1 + x2 - 612.278830468131 < -114.91350320990898, False, 0.2268109195848288*x1 + x2 - 612.278830468131 > 688.7026672678173)), (Piecewise((-114.91350320990898, 0.2268109195848288*x1 + x2 - 612.278830468131 < -114.91350320990898), (0.2268109195848288*x1 + x2 - 612.278830468131, True)), True)) + log(x0*(3.40512126655055*x1 + 1092.3619527912608))**3","PySRFunction(X=>Piecewise((688.7026672678173, ITE(0.2268109195848288*x1 + x2 - 612.278830468131 < -114.91350320990898, False, 0.2268109195848288*x1 + x2 - 612.278830468131 > 688.7026672678173)), (Piecewise((-114.91350320990898, 0.2268109195848288*x1 + x2 - 612.278830468131 < -114.91350320990898), (0.2268109195848288*x1 + x2 - 612.278830468131, True)), True)) + log(x0*(3.40512126655055*x1 + 1092.3619527912608))**3)"
22,19612.225742475952,"(cube(log(x0 * (x1 - -268.5972218487461))) + min(max(square(x0), x2 + (-508.17911451250603 - (x1 * -0.21850980664191327))), 715.9722215764128)) * 1.22126798465216",0.017213436961808385,"1.22126798465216*Piecewise((Piecewise((0.21850980664191327*x1 + x2 - 508.17911451250603, x0**2 < 0.21850980664191327*x1 + x2 - 508.17911451250603), (x0**2, True)), ITE(x0**2 < 0.21850980664191327*x1 + x2 - 508.17911451250603, 0.21850980664191327*x1 + x2 - 508.17911451250603 < 715.9722215764128, x0**2 < 715.9722215764128)), (715.9722215764128, True)) + 1.22126798465216*log(x0*(x1 + 268.5972218487461))**3","PySRFunction(X=>1.22126798465216*Piecewise((Piecewise((0.21850980664191327*x1 + x2 - 508.17911451250603, x0**2 < 0.21850980664191327*x1 + x2 - 508.17911451250603), (x0**2, True)), ITE(x0**2 < 0.21850980664191327*x1 + x2 - 508.17911451250603, 0.21850980664191327*x1 + x2 - 508.17911451250603 < 715.9722215764128, x0**2 < 715.9722215764128)), (715.9722215764128, True)) + 1.22126798465216*log(x0*(x1 + 268.5972218487461))**3)"
24,19462.830482531223,"(cube(log(x0 * (x1 - -300.3572421922681))) + min(max(sqrt(x0 * x1), x2 + (-529.1946036734682 - (x1 * -0.21494499990629395))), 690.8727426394016)) * 1.236383158572492",0.003823308327989193,"1.236383158572492*Piecewise((Piecewise((0.21494499990629395*x1 + x2 - 529.1946036734682, sqrt(x0*x1) < 0.21494499990629395*x1 + x2 - 529.1946036734682), (sqrt(x0*x1), True)), ITE(sqrt(x0*x1) < 0.21494499990629395*x1 + x2 - 529.1946036734682, 0.21494499990629395*x1 + x2 - 529.1946036734682 < 690.8727426394016, sqrt(x0*x1) < 690.8727426394016)), (690.8727426394016, True)) + 1.236383158572492*log(x0*(x1 + 300.3572421922681))**3","PySRFunction(X=>1.236383158572492*Piecewise((Piecewise((0.21494499990629395*x1 + x2 - 529.1946036734682, sqrt(x0*x1) < 0.21494499990629395*x1 + x2 - 529.1946036734682), (sqrt(x0*x1), True)), ITE(sqrt(x0*x1) < 0.21494499990629395*x1 + x2 - 529.1946036734682, 0.21494499990629395*x1 + x2 - 529.1946036734682 < 690.8727426394016, sqrt(x0*x1) < 690.8727426394016)), (690.8727426394016, True)) + 1.236383158572492*log(x0*(x1 + 300.3572421922681))**3)"
25,19118.696797083183,"cube(log(sqrt(x0) * (x1 - -700.7980171857014)) - -3.9200109555010685) + (min((sqrt(x1) * x0) + max(x2 + -393.6947777025122, -10.91550431354623), 936.8942041952721) + -1009.1666048737171)",0.017839771340881477,"(log(sqrt(x0)*(x1 + 700.7980171857014)) + 3.9200109555010685)**3 + Piecewise((x0*sqrt(x1) + Piecewise((-10.91550431354623, x2 - 393.6947777025122 < -10.91550431354623), (x2 - 393.6947777025122, True)), ITE(x2 - 393.6947777025122 < -10.91550431354623, x0*sqrt(x1) - 10.91550431354623 < 936.8942041952721, x0*sqrt(x1) + x2 - 393.6947777025122 < 936.8942041952721)), (936.8942041952721, True)) - 1009.1666048737171","PySRFunction(X=>(log(sqrt(x0)*(x1 + 700.7980171857014)) + 3.9200109555010685)**3 + Piecewise((x0*sqrt(x1) + Piecewise((-10.91550431354623, x2 - 393.6947777025122 < -10.91550431354623), (x2 - 393.6947777025122, True)), ITE(x2 - 393.6947777025122 < -10.91550431354623, x0*sqrt(x1) - 10.91550431354623 < 936.8942041952721, x0*sqrt(x1) + x2 - 393.6947777025122 < 936.8942041952721)), (936.8942041952721, True)) - 1009.1666048737171)"
27,18632.995230507942,"(min(((sqrt(x0) * x1) * 0.08607981587685022) + max(-51.85445747834684, x2 + -436.8999210328822), 865.7239769840664) + cube(log(sqrt(x0) * (x1 - -920.0350991748413)) - -4.394182488487187)) + -1225.8635346950875",0.012866399938433288,"(log(sqrt(x0)*(x1 + 920.0350991748413)) + 4.394182488487187)**3 + Piecewise((0.08607981587685022*sqrt(x0)*x1 + Piecewise((x2 - 436.8999210328822, x2 - 436.8999210328822 > -51.85445747834684), (-51.85445747834684, True)), ITE(x2 - 436.8999210328822 > -51.85445747834684, 0.08607981587685022*sqrt(x0)*x1 + x2 - 436.8999210328822 < 865.7239769840664, 0.08607981587685022*sqrt(x0)*x1 - 51.85445747834684 < 865.7239769840664)), (865.7239769840664, True)) - 1225.8635346950875","PySRFunction(X=>(log(sqrt(x0)*(x1 + 920.0350991748413)) + 4.394182488487187)**3 + Piecewise((0.08607981587685022*sqrt(x0)*x1 + Piecewise((x2 - 436.8999210328822, x2 - 436.8999210328822 > -51.85445747834684), (-51.85445747834684, True)), ITE(x2 - 436.8999210328822 > -51.85445747834684, 0.08607981587685022*sqrt(x0)*x1 + x2 - 436.8999210328822 < 865.7239769840664, 0.08607981587685022*sqrt(x0)*x1 - 51.85445747834684 < 865.7239769840664)), (865.7239769840664, True)) - 1225.8635346950875)"
29,18396.326529649905,"cube(log((x1 - -887.1213500091795) * sqrt(x0)) - -4.345325526918578) + (min(max(-64.45537711870787, x2 + -459.89077974239615) + (sqrt(x0) * max(29.50566765280241, x1 * 0.09652381531292704)), 870.5844236376304) + -1196.3300606817822)",0.006391473359801685,"(log(sqrt(x0)*(x1 + 887.1213500091795)) + 4.345325526918578)**3 + Piecewise((sqrt(x0)*Piecewise((0.09652381531292704*x1, 0.09652381531292704*x1 > 29.50566765280241), (29.50566765280241, True)) + Piecewise((x2 - 459.89077974239615, x2 - 459.89077974239615 > -64.45537711870787), (-64.45537711870787, True)), ITE((0.09652381531292704*x1 > 29.50566765280241) & (x2 - 459.89077974239615 > -64.45537711870787), 0.09652381531292704*sqrt(x0)*x1 + x2 - 459.89077974239615 < 870.5844236376304, ITE(0.09652381531292704*x1 > 29.50566765280241, 0.09652381531292704*sqrt(x0)*x1 - 64.45537711870787 < 870.5844236376304, ITE(x2 - 459.89077974239615 > -64.45537711870787, 29.50566765280241*sqrt(x0) + x2 - 459.89077974239615 < 870.5844236376304, 29.50566765280241*sqrt(x0) - 64.45537711870787 < 870.5844236376304)))), (870.5844236376304, True)) - 1196.3300606817822","PySRFunction(X=>(log(sqrt(x0)*(x1 + 887.1213500091795)) + 4.345325526918578)**3 + Piecewise((sqrt(x0)*Piecewise((0.09652381531292704*x1, 0.09652381531292704*x1 > 29.50566765280241), (29.50566765280241, True)) + Piecewise((x2 - 459.89077974239615, x2 - 459.89077974239615 > -64.45537711870787), (-64.45537711870787, True)), ITE((0.09652381531292704*x1 > 29.50566765280241) & (x2 - 459.89077974239615 > -64.45537711870787), 0.09652381531292704*sqrt(x0)*x1 + x2 - 459.89077974239615 < 870.5844236376304, ITE(0.09652381531292704*x1 > 29.50566765280241, 0.09652381531292704*sqrt(x0)*x1 - 64.45537711870787 < 870.5844236376304, ITE(x2 - 459.89077974239615 > -64.45537711870787, 29.50566765280241*sqrt(x0) + x2 - 459.89077974239615 < 870.5844236376304, 29.50566765280241*sqrt(x0) - 64.45537711870787 < 870.5844236376304)))), (870.5844236376304, True)) - 1196.3300606817822)"
30,18378.31124857256,"min(max(-64.45537711870787, x2 + -459.89077974239615) + (sqrt(x0) * max(sqrt(x2), x1 * 0.09652381531292704)), 870.5844236376304) + (cube(log((x1 - -887.1213500091795) * sqrt(x0)) - -4.345325526918578) + -1196.3300606817822)",0.0009797666874177904,"(log(sqrt(x0)*(x1 + 887.1213500091795)) + 4.345325526918578)**3 + Piecewise((sqrt(x0)*Piecewise((0.09652381531292704*x1, 0.09652381531292704*x1 > sqrt(x2)), (sqrt(x2), True)) + Piecewise((x2 - 459.89077974239615, x2 - 459.89077974239615 > -64.45537711870787), (-64.45537711870787, True)), ITE((x2 - 459.89077974239615 > -64.45537711870787) & (0.09652381531292704*x1 > sqrt(x2)), 0.09652381531292704*sqrt(x0)*x1 + x2 - 459.89077974239615 < 870.5844236376304, ITE(0.09652381531292704*x1 > sqrt(x2), 0.09652381531292704*sqrt(x0)*x1 - 64.45537711870787 < 870.5844236376304, ITE(x2 - 459.89077974239615 > -64.45537711870787, sqrt(x0)*sqrt(x2) + x2 - 459.89077974239615 < 870.5844236376304, sqrt(x0)*sqrt(x2) - 64.45537711870787 < 870.5844236376304)))), (870.5844236376304, True)) - 1196.3300606817822","PySRFunction(X=>(log(sqrt(x0)*(x1 + 887.1213500091795)) + 4.345325526918578)**3 + Piecewise((sqrt(x0)*Piecewise((0.09652381531292704*x1, 0.09652381531292704*x1 > sqrt(x2)), (sqrt(x2), True)) + Piecewise((x2 - 459.89077974239615, x2 - 459.89077974239615 > -64.45537711870787), (-64.45537711870787, True)), ITE((x2 - 459.89077974239615 > -64.45537711870787) & (0.09652381531292704*x1 > sqrt(x2)), 0.09652381531292704*sqrt(x0)*x1 + x2 - 459.89077974239615 < 870.5844236376304, ITE(0.09652381531292704*x1 > sqrt(x2), 0.09652381531292704*sqrt(x0)*x1 - 64.45537711870787 < 870.5844236376304, ITE(x2 - 459.89077974239615 > -64.45537711870787, sqrt(x0)*sqrt(x2) + x2 - 459.89077974239615 < 870.5844236376304, sqrt(x0)*sqrt(x2) - 64.45537711870787 < 870.5844236376304)))), (870.5844236376304, True)) - 1196.3300606817822)"
31,18063.71259589445,"cube(log(sqrt(x0) * (x1 + 837.6996464971138)) - -4.18176498377962) + (min(max((x1 * 0.09932465641012994) * sqrt(x0), x0 * x0) + max(-48.09773670638267, x2 + -440.5012827027923), 897.815340553011) + -1130.5316333869303)",0.017266135912031928,"(log(sqrt(x0)*(x1 + 837.6996464971138)) + 4.18176498377962)**3 + Piecewise((Piecewise((x0**2, x0**2 > 0.09932465641012994*sqrt(x0)*x1), (0.09932465641012994*sqrt(x0)*x1, True)) + Piecewise((x2 - 440.5012827027923, x2 - 440.5012827027923 > -48.09773670638267), (-48.09773670638267, True)), ITE((x2 - 440.5012827027923 > -48.09773670638267) & (x0**2 > 0.09932465641012994*sqrt(x0)*x1), x0**2 + x2 - 440.5012827027923 < 897.815340553011, ITE(x2 - 440.5012827027923 > -48.09773670638267, 0.09932465641012994*sqrt(x0)*x1 + x2 - 440.5012827027923 < 897.815340553011, ITE(x0**2 > 0.09932465641012994*sqrt(x0)*x1, x0**2 - 48.09773670638267 < 897.815340553011, 0.09932465641012994*sqrt(x0)*x1 - 48.09773670638267 < 897.815340553011)))), (897.815340553011, True)) - 1130.5316333869303","PySRFunction(X=>(log(sqrt(x0)*(x1 + 837.6996464971138)) + 4.18176498377962)**3 + Piecewise((Piecewise((x0**2, x0**2 > 0.09932465641012994*sqrt(x0)*x1), (0.09932465641012994*sqrt(x0)*x1, True)) + Piecewise((x2 - 440.5012827027923, x2 - 440.5012827027923 > -48.09773670638267), (-48.09773670638267, True)), ITE((x2 - 440.5012827027923 > -48.09773670638267) & (x0**2 > 0.09932465641012994*sqrt(x0)*x1), x0**2 + x2 - 440.5012827027923 < 897.815340553011, ITE(x2 - 440.5012827027923 > -48.09773670638267, 0.09932465641012994*sqrt(x0)*x1 + x2 - 440.5012827027923 < 897.815340553011, ITE(x0**2 > 0.09932465641012994*sqrt(x0)*x1, x0**2 - 48.09773670638267 < 897.815340553011, 0.09932465641012994*sqrt(x0)*x1 - 48.09773670638267 < 897.815340553011)))), (897.815340553011, True)) - 1130.5316333869303)"
33,18063.53309215343,"cube(log(sqrt(x0) * (x1 + 837.6996464971138)) - -4.18176498377962) + (min(max((x1 * 0.09932465641012994) * sqrt(min(x2, x0)), x0 * x0) + max(-48.09773670638267, x2 + -440.5012827027923), 897.815340553011) + -1130.5316333869303)",4.968652815972292e-06,"(log(sqrt(x0)*(x1 + 837.6996464971138)) + 4.18176498377962)**3 + Piecewise((Piecewise((x0**2, ITE(x0 > x2, x0**2 > 0.09932465641012994*x1*sqrt(x2), x0**2 > 0.09932465641012994*sqrt(x0)*x1)), (0.09932465641012994*x1*Piecewise((sqrt(x2), x0 > x2), (sqrt(x0), True)), True)) + Piecewise((x2 - 440.5012827027923, x2 - 440.5012827027923 > -48.09773670638267), (-48.09773670638267, True)), ITE((x2 - 440.5012827027923 > -48.09773670638267) & ((x0 <= x2) | (x0**2 > 0.09932465641012994*x1*sqrt(x2))) & ((x0 > x2) | (x0**2 > 0.09932465641012994*sqrt(x0)*x1)), x0**2 + x2 - 440.5012827027923 < 897.815340553011, ITE((x0 > x2) & (x2 - 440.5012827027923 > -48.09773670638267), 0.09932465641012994*x1*sqrt(x2) + x2 - 440.5012827027923 < 897.815340553011, ITE(x2 - 440.5012827027923 > -48.09773670638267, 0.09932465641012994*sqrt(x0)*x1 + x2 - 440.5012827027923 < 897.815340553011, ITE(((x0 <= x2) | (x0**2 > 0.09932465641012994*x1*sqrt(x2))) & ((x0 > x2) | (x0**2 > 0.09932465641012994*sqrt(x0)*x1)), x0**2 - 48.09773670638267 < 897.815340553011, ITE(x0 > x2, 0.09932465641012994*x1*sqrt(x2) - 48.09773670638267 < 897.815340553011, 0.09932465641012994*sqrt(x0)*x1 - 48.09773670638267 < 897.815340553011)))))), (897.815340553011, True)) - 1130.5316333869303","PySRFunction(X=>(log(sqrt(x0)*(x1 + 837.6996464971138)) + 4.18176498377962)**3 + Piecewise((Piecewise((x0**2, ITE(x0 > x2, x0**2 > 0.09932465641012994*x1*sqrt(x2), x0**2 > 0.09932465641012994*sqrt(x0)*x1)), (0.09932465641012994*x1*Piecewise((sqrt(x2), x0 > x2), (sqrt(x0), True)), True)) + Piecewise((x2 - 440.5012827027923, x2 - 440.5012827027923 > -48.09773670638267), (-48.09773670638267, True)), ITE((x2 - 440.5012827027923 > -48.09773670638267) & ((x0 <= x2) | (x0**2 > 0.09932465641012994*x1*sqrt(x2))) & ((x0 > x2) | (x0**2 > 0.09932465641012994*sqrt(x0)*x1)), x0**2 + x2 - 440.5012827027923 < 897.815340553011, ITE((x0 > x2) & (x2 - 440.5012827027923 > -48.09773670638267), 0.09932465641012994*x1*sqrt(x2) + x2 - 440.5012827027923 < 897.815340553011, ITE(x2 - 440.5012827027923 > -48.09773670638267, 0.09932465641012994*sqrt(x0)*x1 + x2 - 440.5012827027923 < 897.815340553011, ITE(((x0 <= x2) | (x0**2 > 0.09932465641012994*x1*sqrt(x2))) & ((x0 > x2) | (x0**2 > 0.09932465641012994*sqrt(x0)*x1)), x0**2 - 48.09773670638267 < 897.815340553011, ITE(x0 > x2, 0.09932465641012994*x1*sqrt(x2) - 48.09773670638267 < 897.815340553011, 0.09932465641012994*sqrt(x0)*x1 - 48.09773670638267 < 897.815340553011)))))), (897.815340553011, True)) - 1130.5316333869303)"
35,18040.91257457075,"(min(x0 + 909.2352446697013, (max(min(x1, x0) * 3.9664213224590683, x1 * 0.10600903238411029) * sqrt(x0)) + max(-43.98935056881956, x2 + -436.68797930665204)) + cube(log((x1 + 847.8851562101536) * sqrt(x0)) - -4.096802079921446)) + -1113.132919175845",0.0006265300609045844,"(log(sqrt(x0)*(x1 + 847.8851562101536)) + 4.096802079921446)**3 + Piecewise((x0 + 909.2352446697013, ITE((x2 - 436.68797930665204 > -43.98935056881956) & ((x0 <= x1) | (x1 < 0)) & ((x0 > x1) | (3.9664213224590683*x0 < 0.10600903238411029*x1)), x0 + 909.2352446697013 < 0.10600903238411029*sqrt(x0)*x1 + x2 - 436.68797930665204, ITE(((x0 <= x1) | (x1 < 0)) & ((x0 > x1) | (3.9664213224590683*x0 < 0.10600903238411029*x1)), x0 + 909.2352446697013 < 0.10600903238411029*sqrt(x0)*x1 - 43.98935056881956, ITE((x0 > x1) & (x2 - 436.68797930665204 > -43.98935056881956), x0 + 909.2352446697013 < 3.9664213224590683*sqrt(x0)*x1 + x2 - 436.68797930665204, ITE(x0 > x1, x0 + 909.2352446697013 < 3.9664213224590683*sqrt(x0)*x1 - 43.98935056881956, ITE(x2 - 436.68797930665204 > -43.98935056881956, x0 + 909.2352446697013 < 3.9664213224590683*x0**(3/2) + x2 - 436.68797930665204, x0 + 909.2352446697013 < 3.9664213224590683*x0**(3/2) - 43.98935056881956)))))), (sqrt(x0)*Piecewise((0.10600903238411029*x1, ITE(x0 > x1, 0.10600903238411029*x1 > 3.9664213224590683*x1, 3.9664213224590683*x0 < 0.10600903238411029*x1)), (3.9664213224590683*Piecewise((x1, x0 > x1), (x0, True)), True)) + Piecewise((x2 - 436.68797930665204, x2 - 436.68797930665204 > -43.98935056881956), (-43.98935056881956, True)), True)) - 1113.132919175845","PySRFunction(X=>(log(sqrt(x0)*(x1 + 847.8851562101536)) + 4.096802079921446)**3 + Piecewise((x0 + 909.2352446697013, ITE((x2 - 436.68797930665204 > -43.98935056881956) & ((x0 <= x1) | (x1 < 0)) & ((x0 > x1) | (3.9664213224590683*x0 < 0.10600903238411029*x1)), x0 + 909.2352446697013 < 0.10600903238411029*sqrt(x0)*x1 + x2 - 436.68797930665204, ITE(((x0 <= x1) | (x1 < 0)) & ((x0 > x1) | (3.9664213224590683*x0 < 0.10600903238411029*x1)), x0 + 909.2352446697013 < 0.10600903238411029*sqrt(x0)*x1 - 43.98935056881956, ITE((x0 > x1) & (x2 - 436.68797930665204 > -43.98935056881956), x0 + 909.2352446697013 < 3.9664213224590683*sqrt(x0)*x1 + x2 - 436.68797930665204, ITE(x0 > x1, x0 + 909.2352446697013 < 3.9664213224590683*sqrt(x0)*x1 - 43.98935056881956, ITE(x2 - 436.68797930665204 > -43.98935056881956, x0 + 909.2352446697013 < 3.9664213224590683*x0**(3/2) + x2 - 436.68797930665204, x0 + 909.2352446697013 < 3.9664213224590683*x0**(3/2) - 43.98935056881956)))))), (sqrt(x0)*Piecewise((0.10600903238411029*x1, ITE(x0 > x1, 0.10600903238411029*x1 > 3.9664213224590683*x1, 3.9664213224590683*x0 < 0.10600903238411029*x1)), (3.9664213224590683*Piecewise((x1, x0 > x1), (x0, True)), True)) + Piecewise((x2 - 436.68797930665204, x2 - 436.68797930665204 > -43.98935056881956), (-43.98935056881956, True)), True)) - 1113.132919175845)"
37,18029.788229784943,"min(max((min(x1, x0) * x0) - -11.905759718663816, x1 * (sqrt(x0) * 0.10349590962792159)) + max(-37.749282555138365, x2 + -428.3411468799329), 918.228354172168) + ((x0 + cube(log(sqrt(x0) * (x1 + 815.9980767106368)) - -3.9987083828515066)) + -1068.2791441379618)",0.00030840390927899103,"x0 + (log(sqrt(x0)*(x1 + 815.9980767106368)) + 3.9987083828515066)**3 + Piecewise((Piecewise((0.10349590962792159*sqrt(x0)*x1, ITE(x0 > x1, x0*x1 + 11.905759718663816 < 0.10349590962792159*sqrt(x0)*x1, x0**2 + 11.905759718663816 < 0.10349590962792159*sqrt(x0)*x1)), (x0*Piecewise((x1, x0 > x1), (x0, True)) + 11.905759718663816, True)) + Piecewise((x2 - 428.3411468799329, x2 - 428.3411468799329 > -37.749282555138365), (-37.749282555138365, True)), ITE((x2 - 428.3411468799329 > -37.749282555138365) & ((x0 <= x1) | (x0*x1 + 11.905759718663816 < 0.10349590962792159*sqrt(x0)*x1)) & ((x0 > x1) | (x0**2 + 11.905759718663816 < 0.10349590962792159*sqrt(x0)*x1)), 0.10349590962792159*sqrt(x0)*x1 + x2 - 428.3411468799329 < 918.228354172168, ITE((x0 > x1) & (x2 - 428.3411468799329 > -37.749282555138365), x0*x1 + x2 - 416.43538716126908 < 918.228354172168, ITE(x2 - 428.3411468799329 > -37.749282555138365, x0**2 + x2 - 416.43538716126908 < 918.228354172168, ITE(((x0 <= x1) | (x0*x1 + 11.905759718663816 < 0.10349590962792159*sqrt(x0)*x1)) & ((x0 > x1) | (x0**2 + 11.905759718663816 < 0.10349590962792159*sqrt(x0)*x1)), 0.10349590962792159*sqrt(x0)*x1 - 37.749282555138365 < 918.228354172168, ITE(x0 > x1, x0*x1 - 25.843522836474549 < 918.228354172168, x0**2 - 25.843522836474549 < 918.228354172168)))))), (918.228354172168, True)) - 1068.2791441379618","PySRFunction(X=>x0 + (log(sqrt(x0)*(x1 + 815.9980767106368)) + 3.9987083828515066)**3 + Piecewise((Piecewise((0.10349590962792159*sqrt(x0)*x1, ITE(x0 > x1, x0*x1 + 11.905759718663816 < 0.10349590962792159*sqrt(x0)*x1, x0**2 + 11.905759718663816 < 0.10349590962792159*sqrt(x0)*x1)), (x0*Piecewise((x1, x0 > x1), (x0, True)) + 11.905759718663816, True)) + Piecewise((x2 - 428.3411468799329, x2 - 428.3411468799329 > -37.749282555138365), (-37.749282555138365, True)), ITE((x2 - 428.3411468799329 > -37.749282555138365) & ((x0 <= x1) | (x0*x1 + 11.905759718663816 < 0.10349590962792159*sqrt(x0)*x1)) & ((x0 > x1) | (x0**2 + 11.905759718663816 < 0.10349590962792159*sqrt(x0)*x1)), 0.10349590962792159*sqrt(x0)*x1 + x2 - 428.3411468799329 < 918.228354172168, ITE((x0 > x1) & (x2 - 428.3411468799329 > -37.749282555138365), x0*x1 + x2 - 416.43538716126908 < 918.228354172168, ITE(x2 - 428.3411468799329 > -37.749282555138365, x0**2 + x2 - 416.43538716126908 < 918.228354172168, ITE(((x0 <= x1) | (x0*x1 + 11.905759718663816 < 0.10349590962792159*sqrt(x0)*x1)) & ((x0 > x1) | (x0**2 + 11.905759718663816 < 0.10349590962792159*sqrt(x0)*x1)), 0.10349590962792159*sqrt(x0)*x1 - 37.749282555138365 < 918.228354172168, ITE(x0 > x1, x0*x1 - 25.843522836474549 < 918.228354172168, x0**2 - 25.843522836474549 < 918.228354172168)))))), (918.228354172168, True)) - 1068.2791441379618)"
39,18025.141411247358,"(min(max(min(x1, x0) * x0, sqrt(x0) * (x1 * 0.10064186623064937)) + (max(x2 + -409.47804240820267, -18.16958526978806) + -11.419617214567547), 918.8875427401833) + (cube(log(sqrt(x0) * (x1 + 813.5524955001198)) - -3.9789214999472273) + (x0 + -1067.1338132211854))) + x0",0.00012888164280384278,"2*x0 + (log(sqrt(x0)*(x1 + 813.5524955001198)) + 3.9789214999472273)**3 + Piecewise((Piecewise((-18.16958526978806, x2 - 409.47804240820267 < -18.16958526978806), (x2 - 409.47804240820267, True)) + Piecewise((0.10064186623064937*sqrt(x0)*x1, ITE(x0 > x1, x0*x1 < 0.10064186623064937*sqrt(x0)*x1, x0**2 < 0.10064186623064937*sqrt(x0)*x1)), (x0*Piecewise((x1, x0 > x1), (x0, True)), True)) - 11.419617214567547, ITE((x2 - 409.47804240820267 < -18.16958526978806) & ((x0 <= x1) | (x0*x1 < 0.10064186623064937*sqrt(x0)*x1)) & ((x0 > x1) | (x0**2 < 0.10064186623064937*sqrt(x0)*x1)), 0.10064186623064937*sqrt(x0)*x1 - 29.589202484355607 < 918.8875427401833, ITE((x0 > x1) & (x2 - 409.47804240820267 < -18.16958526978806), x0*x1 - 29.589202484355607 < 918.8875427401833, ITE(x2 - 409.47804240820267 < -18.16958526978806, x0**2 - 29.589202484355607 < 918.8875427401833, ITE(((x0 <= x1) | (x0*x1 < 0.10064186623064937*sqrt(x0)*x1)) & ((x0 > x1) | (x0**2 < 0.10064186623064937*sqrt(x0)*x1)), 0.10064186623064937*sqrt(x0)*x1 + x2 - 420.89765962277022 < 918.8875427401833, ITE(x0 > x1, x0*x1 + x2 - 420.89765962277022 < 918.8875427401833, x0**2 + x2 - 420.89765962277022 < 918.8875427401833)))))), (918.8875427401833, True)) - 1067.1338132211854","PySRFunction(X=>2*x0 + (log(sqrt(x0)*(x1 + 813.5524955001198)) + 3.9789214999472273)**3 + Piecewise((Piecewise((-18.16958526978806, x2 - 409.47804240820267 < -18.16958526978806), (x2 - 409.47804240820267, True)) + Piecewise((0.10064186623064937*sqrt(x0)*x1, ITE(x0 > x1, x0*x1 < 0.10064186623064937*sqrt(x0)*x1, x0**2 < 0.10064186623064937*sqrt(x0)*x1)), (x0*Piecewise((x1, x0 > x1), (x0, True)), True)) - 11.419617214567547, ITE((x2 - 409.47804240820267 < -18.16958526978806) & ((x0 <= x1) | (x0*x1 < 0.10064186623064937*sqrt(x0)*x1)) & ((x0 > x1) | (x0**2 < 0.10064186623064937*sqrt(x0)*x1)), 0.10064186623064937*sqrt(x0)*x1 - 29.589202484355607 < 918.8875427401833, ITE((x0 > x1) & (x2 - 409.47804240820267 < -18.16958526978806), x0*x1 - 29.589202484355607 < 918.8875427401833, ITE(x2 - 409.47804240820267 < -18.16958526978806, x0**2 - 29.589202484355607 < 918.8875427401833, ITE(((x0 <= x1) | (x0*x1 < 0.10064186623064937*sqrt(x0)*x1)) & ((x0 > x1) | (x0**2 < 0.10064186623064937*sqrt(x0)*x1)), 0.10064186623064937*sqrt(x0)*x1 + x2 - 420.89765962277022 < 918.8875427401833, ITE(x0 > x1, x0*x1 + x2 - 420.89765962277022 < 918.8875427401833, x0**2 + x2 - 420.89765962277022 < 918.8875427401833)))))), (918.8875427401833, True)) - 1067.1338132211854)"
